StudyHours,Attendance,QuizAvg,Result
6,68,42.7,0
19,62,93.6,1
14,52,70.8,0
10,39,58.1,0
7,98,62.3,0
20,63,96.3,1
6,81,40.7,0
18,39,71.0,0
22,48,65.4,1
10,87,72.8,1
10,30,31.3,0
23,98,91.0,1
20,33,95.2,1
3,45,69.6,0
7,53,78.8,0
23,31,94.6,1
2,61,79.5,0
21,53,40.7,0
20,41,70.3,0
1,79,72.5,0
23,64,59.7,1
11,62,81.6,0
5,62,95.4,0
1,90,94.8,1
20,80,61.6,1
0,72,37.9,0
11,41,98.9,0
21,96,88.7,1
11,94,38.7,0
24,62,94.5,1
16,69,90.9,1
9,72,66.3,0
15,73,71.4,1
14,58,57.9,0
14,42,33.8,0
18,41,53.5,0
11,75,86.2,1
22,31,30.3,0
19,64,53.3,0
24,37,57.9,0
2,55,67.6,0
4,63,94.4,0
18,36,54.2,0
6,97,54.3,0
20,87,81.6,1
8,58,61.7,0
6,65,45.7,0
17,50,61.7,0
3,65,39.9,0
24,39,42.3,0
13,53,64.9,0
17,93,59.3,1
8,78,94.0,1
20,65,55.4,1
1,53,70.6,0
19,52,74.3,1
14,91,30.9,0
6,66,76.4,0
11,41,42.5,0
7,84,97.3,1
14,42,40.4,0
2,52,59.0,0
13,59,36.0,0
16,46,99.8,1
3,91,65.2,0
17,42,71.7,0
7,88,34.7,0
3,48,82.5,0
1,78,44.7,0
5,41,92.9,0
21,90,44.4,1
9,48,43.3,0
3,38,32.6,0
21,57,63.0,1
17,81,69.5,1
11,45,34.6,0
1,98,84.3,0
9,41,61.7,0
3,54,66.7,0
13,81,60.9,0
15,82,58.1,1
14,52,69.2,0
7,45,40.9,0
13,86,42.7,0
22,68,90.3,1
24,82,96.2,1
7,71,56.1,0
20,87,49.0,1
15,68,75.1,1
12,43,58.6,0
17,34,31.8,0
14,64,40.9,0
20,47,80.1,1
23,38,76.1,1
24,87,31.9,1
12,46,45.5,0
8,36,46.2,0
14,75,77.0,1
12,42,31.4,0
0,69,37.3,0
24,71,86.0,1
6,38,42.5,0
8,79,75.7,0
23,56,46.7,0
0,95,37.0,0
11,34,47.0,0
7,58,80.6,0
23,66,89.9,1
10,67,88.1,1
18,37,57.8,0
16,94,76.8,1
7,46,44.3,0
2,74,50.5,0
2,33,92.7,0
0,65,30.9,0
4,99,36.0,0
9,60,44.6,0
6,48,31.9,0
8,90,42.7,0
6,83,70.8,0
8,68,59.5,0
7,48,92.5,0
11,68,87.2,1
1,96,53.9,0
0,74,48.2,0
15,42,56.6,0
22,87,71.3,1
22,49,48.8,0
23,90,73.7,1
4,68,58.7,0
2,30,68.6,0
11,32,60.5,0
7,91,50.6,0
21,92,96.4,1
2,54,83.5,0
0,85,39.8,0
2,62,90.8,0
4,67,64.1,0
14,35,92.6,0
13,87,86.0,1
2,73,59.8,0
0,74,31.6,0
4,61,48.8,0
22,74,67.9,1
13,90,74.3,1
6,76,48.1,0
8,50,39.8,0
14,65,88.4,1
14,48,98.9,1
9,49,66.8,0
12,86,42.0,0
18,47,49.1,0
6,76,31.3,0
16,78,94.0,1
19,43,38.2,0
3,44,70.4,0
4,60,49.2,0
22,30,68.8,0
6,83,75.6,0
12,32,88.1,0
14,45,44.4,0
10,86,30.8,0
3,41,39.6,0
12,45,93.0,0
6,53,91.2,0
18,57,71.8,1
21,37,72.0,0
1,65,76.6,0
9,37,42.3,0
12,87,94.0,1
24,89,59.3,1
20,79,56.8,1
5,57,66.3,0
11,70,33.3,0
11,93,41.6,0
19,56,81.7,1
10,92,35.8,0
22,46,72.2,1
24,62,47.2,1
6,58,57.3,0
0,42,50.2,0
0,75,54.9,0
24,64,80.3,1
24,35,50.8,0
19,98,69.6,1
12,76,63.3,0
8,54,76.5,0
2,95,95.6,1
6,39,81.3,0
5,85,45.0,0
7,59,32.2,0
8,34,48.4,0
4,62,71.7,0
0,94,33.6,0
18,47,64.7,0
9,78,71.8,0
11,40,53.4,0
23,55,84.0,1
14,92,37.5,0
21,88,35.3,1
23,56,81.0,1
8,78,64.7,0
19,62,78.2,1
16,30,60.4,0
16,50,47.2,0
19,84,87.3,1
11,35,86.0,0
6,98,78.6,1
1,34,49.1,0
2,32,71.3,0
16,82,55.3,1
4,52,36.4,0
16,82,94.2,1
23,66,39.6,0
16,46,96.5,1
16,30,61.2,0
1,80,43.0,0
1,74,67.9,0
21,33,91.1,1
22,91,81.3,1
4,94,86.5,1
0,61,76.1,0
0,63,78.5,0
18,68,89.4,1
1,55,47.5,0
20,63,64.3,1
11,83,45.5,0
5,32,99.1,0
22,79,96.1,1
3,41,32.8,0
22,94,79.4,1
10,83,94.8,1
23,34,42.6,0
16,86,69.8,1
5,46,94.1,0
23,76,32.4,0
4,52,78.8,0
19,43,50.8,0
1,95,94.7,1
5,80,98.0,1
21,67,96.1,1
10,93,63.2,1
15,67,90.3,1
15,79,89.1,1
0,59,52.3,0
8,80,88.0,1
5,92,32.6,0
15,81,71.7,1
2,67,46.1,0
19,59,38.4,0
3,80,35.4,0
18,34,78.7,0
2,58,53.8,0
18,33,80.7,0
19,39,34.6,0
6,85,52.1,0
19,46,67.8,0
8,46,85.4,0
0,98,52.3,0
7,63,73.8,0
6,35,92.0,0
17,82,73.1,1
7,95,46.3,0
0,72,31.7,0
10,52,90.9,0
24,84,31.5,1
24,45,91.2,1
17,37,67.0,0
22,33,95.7,1
9,33,85.9,0
2,85,99.9,1
6,54,54.5,0
15,96,83.7,1
15,96,58.1,1
24,56,63.6,1
19,61,73.9,1
16,79,91.2,1
1,90,98.9,1
0,80,83.8,0
15,48,59.2,0
11,50,59.5,0
4,34,81.6,0
4,71,46.7,0
22,90,37.7,1
8,51,54.8,0
8,50,50.1,0
2,99,50.7,0
18,30,46.4,0
15,34,32.9,0
15,41,31.3,0
2,75,99.1,0
19,63,59.9,1
23,78,56.9,1
21,74,77.6,1
23,56,45.3,0
0,55,96.5,0
23,76,85.0,1
19,85,36.3,0
10,92,59.2,0
16,77,91.5,1
7,90,96.1,1
3,55,62.7,0
5,65,72.9,0
7,30,41.7,0
19,37,99.4,1
2,81,46.2,0
15,76,96.0,1
24,85,75.5,1
2,43,72.5,0
24,57,65.9,1
17,31,46.1,0
13,55,42.4,0
17,43,45.4,0
1,88,43.1,0
21,85,84.6,1
2,36,54.5,0
15,32,34.0,0
8,52,97.8,0
3,47,91.9,0
0,67,94.9,0
3,44,99.6,0
0,93,42.2,0
13,57,57.7,0
20,68,83.1,1
15,86,78.7,1
19,46,40.8,0
23,73,87.1,1
7,54,45.7,0
6,46,45.7,0
2,42,67.6,0
16,54,71.5,0
0,97,70.6,0
15,39,36.4,0
11,96,91.4,1
18,47,48.6,0
21,63,39.1,0
22,37,92.2,1
21,69,96.9,1
13,71,90.3,1
5,70,86.7,0
5,35,75.9,0
12,81,68.6,1
18,55,36.1,0
21,93,58.6,1
7,88,56.1,0
1,85,48.2,0
20,88,80.6,1
0,99,64.7,0
14,62,35.7,0
0,82,45.4,0
4,51,77.8,0
15,50,35.3,0
18,99,89.6,1
3,99,64.7,0
2,33,63.6,0
16,91,71.5,1
16,91,87.7,1
11,53,54.3,0
13,84,77.5,1
20,38,69.6,0
5,32,48.7,0
2,60,91.5,0
8,69,85.8,0
4,65,76.1,0
23,53,89.5,1
16,35,90.7,0
13,95,79.6,1
20,33,88.6,1
2,35,78.8,0
0,80,77.6,0
19,91,73.3,1
20,86,82.7,1
22,95,41.1,1
0,37,91.7,0
2,55,91.0,0
17,80,32.0,0
24,74,87.8,1
9,73,39.0,0
21,34,53.5,0
2,99,82.0,0
7,55,41.3,0
13,97,87.3,1
23,48,88.2,1
17,49,65.5,0
14,41,30.4,0
21,76,50.1,1
22,30,73.2,0
1,43,98.7,0
9,93,74.2,1
1,67,48.2,0
16,66,74.4,1
7,40,67.8,0
0,32,84.6,0
8,62,37.5,0
10,35,83.3,0
21,79,67.9,1
15,39,97.4,1
6,34,53.9,0
9,52,74.3,0
22,39,95.2,1
2,73,37.2,0
17,31,95.6,1
24,42,78.2,1
23,69,34.7,0
12,31,51.1,0
6,94,79.6,1
24,92,34.7,1
3,46,70.8,0
12,38,54.2,0
19,44,73.5,0
0,53,33.2,0
7,67,91.0,0
13,64,98.1,1
15,78,97.8,1
13,98,82.5,1
11,91,39.1,0
18,89,83.1,1
22,79,31.7,0
14,38,31.5,0
1,63,52.7,0
1,64,64.2,0
22,30,83.9,1
21,69,77.8,1
18,93,61.2,1
24,51,49.2,0
21,89,99.8,1
21,93,59.8,1
16,40,61.6,0
19,43,41.5,0
9,89,85.6,1
5,59,78.6,0
14,64,45.5,0
21,66,35.8,0
10,34,77.6,0
4,55,75.8,0
0,91,49.1,0
7,33,96.6,0
20,71,40.6,0
11,47,60.3,0
11,69,96.1,1
4,68,59.4,0
6,43,74.7,0
3,61,57.8,0
5,80,49.2,0
12,67,98.9,1
19,52,58.7,0
14,92,92.6,1
2,44,46.1,0
22,54,44.9,0
7,46,32.2,0
19,95,75.6,1
15,82,55.8,1
12,80,90.5,1
17,68,63.1,1
9,80,97.8,1
18,99,43.0,1
16,35,90.8,0
23,96,84.4,1
18,36,84.0,0
22,80,89.1,1
4,71,83.3,0
20,93,73.8,1
22,44,39.2,0
8,58,32.3,0
11,62,94.5,1
20,56,73.2,1
0,65,85.8,0
0,58,63.7,0
14,67,38.2,0
1,86,38.8,0
21,56,78.0,1
15,84,60.1,1
24,62,44.0,1
7,97,64.4,0
12,95,34.5,0
20,39,70.7,0
0,34,48.8,0
15,67,85.8,1
6,42,51.7,0
4,60,61.9,0
21,76,30.8,0
22,81,35.1,1
2,85,57.5,0
11,44,63.6,0
15,58,72.0,0
18,37,50.4,0
4,34,78.6,0
21,58,90.2,1
24,76,84.6,1
13,97,32.8,0
4,74,63.6,0
14,31,37.3,0
16,56,46.9,0
13,65,99.1,1
19,65,40.0,0
4,55,64.9,0
11,72,73.3,0
15,56,79.2,1
15,98,69.2,1
20,49,30.7,0
